,TEY,NOX
1029,162.61,80.914
6423,130.9,55.22
2404,160.71,55.103
7598,162.66,58.057
3665,153.38,50.396
709,107.61,77.321
3480,132.64,63.54
2275,110.43,63.263
3037,134.34,64.393
6008,151.95,64.067
6087,130.52,57.959
6183,130.64,52.291
6015,130.52,54.567
6595,133.09,63.962
6650,120.77,56.046
2014,152.5,65.203
414,158.75,74.346
6694,132.57,61.993
94,164.52,63.887
5404,148.06,56.157
4982,148.78,51.643
35,130.41,83.696
3320,110.98,48.932
4281,128.35,46.234
7043,122.28,70.566
3839,151.76,47.167
3624,133.83,63.065
7054,134.47,72.979
6397,133.51,66.446
1380,135.11,61.503
3941,138.0,50.383
4226,109.72,48.655
5820,146.73,65.405
3224,128.92,51.63
2529,153.25,60.228
2312,109.73,65.839
403,133.31,69.323
2896,115.16,63.259
872,140.72,80.41
3793,149.32,50.676
609,134.78,81.927
1674,133.3,79.197
4666,148.87,55.039
4283,133.74,54.078
5338,112.23,54.534
2328,118.85,82.038
3715,146.99,50.143
4018,132.8,53.964
3869,133.78,71.75
3651,148.92,47.851
5769,133.36,61.339
617,129.44,62.942
3821,133.83,70.995
379,134.66,72.191
6065,130.11,56.792
1076,160.42,55.846
3387,152.9,62.733
1262,132.37,76.596
3896,128.63,43.275
1111,129.64,66.206
3560,133.1,61.88
5266,135.84,61.794
5285,150.02,57.052
514,169.37,65.508
2057,117.5,71.847
4719,130.83,57.6
4922,110.49,52.788
1719,134.31,79.959
5740,131.64,56.384
6713,117.57,62.034
2030,133.87,65.045
1526,111.04,118.92
1942,109.3,68.204
7587,109.63,88.301
6913,134.71,76.068
1221,108.72,93.855
5933,123.62,48.616
382,158.62,59.492
2924,148.18,54.342
2823,132.65,67.119
6854,129.96,61.323
7071,161.5,71.738
412,130.55,68.276
4735,150.19,59.254
3694,128.53,47.708
6100,134.23,61.512
4894,109.65,50.389
4969,123.76,50.991
2499,108.56,53.321
6763,130.51,53.654
1606,160.68,64.986
5347,133.79,63.293
4799,122.87,53.937
3276,134.75,61.578
7037,130.65,59.883
173,133.69,80.528
590,132.42,63.102
1031,159.94,68.678
7096,159.54,69.977
2459,141.17,59.561
7377,129.86,67.737
3351,142.5,58.599
1162,161.6,69.359
4317,119.1,53.546
3151,133.75,67.56
5620,139.1,64.539
4603,146.71,56.934
6918,134.5,78.683
4394,145.9,52.41
5631,156.44,72.012
4299,144.39,54.034
6937,130.25,83.309
6699,149.96,52.014
2886,136.2,55.785
393,160.2,66.327
1447,133.73,62.525
5079,151.02,57.907
3593,133.15,70.316
6351,134.54,64.105
584,142.27,74.253
2053,136.46,64.45
5773,137.45,60.536
6041,151.6,60.932
4484,110.24,43.774
2322,159.02,60.144
12,132.96,74.717
2995,115.8,57.403
5758,133.49,60.766
196,171.57,64.151
3407,132.78,66.972
6567,121.81,64.457
1354,164.9,66.202
5672,153.78,70.083
1531,137.0,70.685
3301,151.24,53.104
137,173.67,62.076
4619,149.98,56.203
7021,121.77,71.385
2212,111.39,62.31
959,159.17,72.125
5253,112.5,59.902
3657,132.84,63.468
6978,162.82,57.473
6580,134.52,69.351
4044,134.52,58.786
576,133.93,63.195
1302,133.68,86.756
1352,135.19,76.652
720,161.13,68.677
1636,133.9,63.87
6816,154.81,75.974
2457,141.08,59.683
5353,147.9,54.907
6164,154.46,76.119
4652,147.78,55.703
4353,126.6,51.44
3312,127.98,46.21
5828,107.05,84.385
1136,159.97,70.613
4588,110.6,53.285
1450,162.67,71.216
3672,149.44,59.465
2245,133.73,67.084
3585,109.47,61.304
1655,111.63,64.079
3248,109.55,58.398
5022,110.77,57.728
548,165.29,60.36
6754,135.12,66.288
1051,164.45,73.84
5044,130.5,57.375
1976,114.76,65.608
3185,148.54,60.029
4072,141.99,52.7
3476,123.54,60.662
7017,130.5,64.158
5506,133.49,72.834
4299,129.46,47.78
7116,159.42,70.245
6348,119.51,74.756
2559,133.66,73.865
5333,133.88,57.233
6352,135.61,63.302
2897,148.58,56.671
303,132.61,58.528
5487,133.68,63.982
2537,152.86,59.347
3576,127.06,49.747
6963,112.65,66.059
3702,127.18,57.373
5148,111.86,48.824
1441,138.12,70.403
1107,134.31,83.66
571,167.75,61.866
1510,155.52,73.277
5573,135.09,62.499
5386,149.9,54.73
2584,152.99,63.41
1609,160.83,67.067
5091,110.79,53.672
3130,150.53,51.352
2056,131.69,68.47
3472,110.75,62.019
4553,134.78,59.094
2635,111.28,67.812
3911,133.55,63.645
1759,148.27,69.862
540,132.98,80.432
4498,133.84,71.184
4597,147.09,56.946
1730,148.09,68.229
3555,133.58,63.237
3882,127.63,43.035
3977,133.76,68.928
1340,111.23,84.573
3575,127.21,48.829
6141,102.21,94.47
7056,162.37,64.782
1148,132.4,82.585
6165,146.57,68.961
6941,136.56,79.904
5181,143.49,55.713
2959,148.96,56.553
3466,120.48,58.966
3481,127.64,51.564
4399,149.2,53.269
2702,132.56,67.647
3033,154.45,56.526
1835,151.91,58.163
6706,137.1,68.66
2383,133.72,68.689
5675,128.32,48.614
1114,162.42,71.446
1739,112.54,78.38
3717,133.11,63.761
6038,113.38,59.05
1117,143.81,80.324
294,160.66,61.166
1287,111.4,76.327
3850,109.17,70.36
6844,133.71,72.773
6813,109.96,68.513
6589,134.05,66.359
3416,109.7,53.686
129,162.4,69.515
49,167.18,61.46
5264,113.97,51.353
1507,139.54,82.369
1326,134.13,61.135
2464,133.75,69.269
6522,108.9,64.081
4902,122.51,48.744
2890,134.31,64.45
4964,147.45,56.244
6653,106.71,52.388
1583,152.22,78.693
3630,134.16,61.596
4339,147.62,56.633
6321,133.75,73.81
1622,110.71,66.783
5067,128.75,53.73
6173,118.9,62.77
2845,137.7,56.236
2386,119.77,53.303
5736,150.65,68.909
2283,117.13,77.214
7526,154.97,70.974
1210,159.7,69.16
7317,163.81,49.325
6100,122.85,63.884
231,164.85,66.462
3532,133.45,64.159
5294,132.77,58.95
670,142.16,83.869
1858,111.17,78.484
1886,154.46,70.497
4011,133.02,55.853
4067,132.43,67.668
7151,133.67,68.744
5670,122.05,66.197
694,134.22,59.773
1603,133.21,73.729
2133,133.69,73.747
1891,134.4,71.499
5873,130.16,49.006
3714,147.1,54.036
3891,123.28,58.561
3,114.72,82.67
6461,156.92,74.334
5474,123.36,59.056
4263,110.79,53.828
3587,112.91,53.89
1517,133.63,69.667
3230,133.46,67.036
2094,136.23,63.008
6025,131.1,59.137
6663,161.72,68.368
6956,134.74,74.78
1662,138.96,74.023
368,158.83,74.549
2434,154.74,61.582
5663,129.88,44.942
522,166.12,68.277
1102,107.53,91.36
5898,113.66,72.3
5955,127.27,52.671
4770,138.48,61.415
4676,146.7,54.068
2909,133.69,66.409
4528,129.17,48.126
622,135.43,65.324
5495,109.24,47.542
4268,148.33,56.239
570,166.1,64.413
362,162.24,53.283
3090,150.61,53.566
7040,164.17,71.632
6694,115.29,72.459
5888,116.02,52.076
1480,133.67,80.795
3035,132.75,60.831
1158,164.26,69.156
6625,134.17,61.869
4762,145.02,57.695
1011,134.42,63.463
2680,132.59,68.341
2255,135.01,63.157
274,133.68,76.085
6211,131.28,60.716
1285,166.75,64.4
460,134.51,83.043
918,133.96,70.835
2294,133.74,65.253
5808,155.89,42.191
3560,133.8,56.703
2047,145.26,69.286
7370,134.69,83.713
5310,135.33,64.07
6728,119.53,57.918
3805,118.51,49.408
1899,111.63,69.299
6924,108.67,92.153
1349,157.07,60.38
3197,128.84,51.885
5290,136.77,58.71
5893,128.37,49.604
6703,162.75,65.302
6486,135.0,71.629
7520,137.41,75.027
916,132.98,61.188
4026,154.02,53.54
1847,156.3,56.421
1588,133.36,77.877
2147,134.2,55.661
3124,148.87,53.186
4249,133.8,65.939
5542,123.05,52.748
1950,134.37,60.759
6020,143.87,73.272
3840,127.74,46.706
716,122.75,77.974
4211,127.01,47.352
30,109.23,96.214
4587,118.81,55.59
5075,149.79,58.634
2616,157.69,64.0
6975,109.49,74.784
4494,131.5,55.85
2752,133.68,71.446
6399,130.53,53.612
5298,110.04,55.803
5232,112.12,53.805
2912,134.53,67.885
3114,134.24,63.233
3941,109.84,50.997
4737,144.53,67.345
2886,152.82,57.272
2540,109.64,92.99
3255,110.75,56.139
4555,128.01,50.925
3266,127.34,55.668
7249,134.74,84.826
1971,135.2,67.788
6921,163.13,56.392
2816,129.1,52.41
4963,148.0,56.516
2408,151.84,66.442
3835,133.68,62.958
76,133.52,75.806
4609,133.59,79.839
2590,130.26,80.582
3050,134.04,67.78
1979,133.29,65.927
2400,133.76,64.622
468,134.03,91.37
5434,114.65,65.115
2224,125.75,63.486
589,135.48,76.56
1713,134.09,61.696
4323,147.42,55.03
3430,149.31,53.893
3022,107.57,57.694
220,158.54,66.374
346,168.51,58.232
2720,133.73,66.426
6943,134.66,77.703
199,134.04,85.034
4179,129.04,48.427
5708,129.09,47.889
1495,133.69,74.377
1842,155.75,62.273
5652,118.65,51.297
1329,135.09,59.076
2123,107.25,77.773
5710,134.11,58.818
708,163.58,65.761
2520,108.85,67.554
2182,109.81,66.865
4861,111.1,58.203
4548,118.37,50.977
4192,145.11,56.144
1749,155.97,69.107
1789,103.73,89.439
5465,131.28,45.585
7089,162.92,72.704
7223,166.63,65.042
5226,133.78,63.48
5134,112.17,52.171
1140,111.76,75.816
3649,132.86,62.025
4231,112.81,48.619
3219,133.79,67.819
155,173.57,61.519
1429,134.57,61.512
4867,113.73,46.676
2861,133.43,68.185
2326,134.77,58.362
2512,157.12,61.643
496,132.25,72.761
6264,132.51,58.978
2854,149.31,56.099
2231,154.73,68.339
4654,148.82,54.531
4216,146.35,54.596
5000,134.71,68.483
2791,108.33,56.35
1630,149.73,67.944
868,141.77,83.432
5423,129.98,45.395
6217,133.86,64.438
7126,159.51,51.862
6331,132.0,61.221
4304,110.98,47.468
7062,159.36,73.401
824,162.46,66.243
1343,134.24,59.84
6575,132.98,67.338
2918,134.06,66.514
3224,132.86,74.528
289,164.7,58.295
6122,129.73,57.467
2581,134.78,64.523
4456,148.25,58.415
5567,133.74,60.373
5919,112.34,73.514
624,130.04,64.542
5882,134.8,71.117
1061,135.57,79.591
2130,125.39,73.08
3904,120.26,53.519
6408,112.26,105.42
7051,107.74,71.192
6834,110.75,65.936
502,133.73,61.635
2711,141.26,55.602
6306,120.84,75.677
3180,128.07,52.758
2862,134.06,72.529
6317,152.47,82.902
2901,110.69,59.947
5012,110.76,55.081
2048,108.98,61.167
432,134.89,68.428
6603,130.44,52.411
6830,111.35,78.78
3209,128.06,57.769
1755,132.82,62.403
5620,109.7,51.718
6957,146.34,71.336
1732,133.81,72.193
3316,133.79,63.168
1586,133.24,60.937
668,166.61,67.757
4532,109.8,53.265
6273,107.81,50.605
7067,160.38,75.848
4780,111.77,52.991
5370,131.08,53.279
3258,148.78,63.232
1872,111.71,71.22
4141,137.76,61.856
4327,120.0,46.211
4643,111.75,53.195
6775,134.6,78.769
1605,160.2,64.555
797,135.04,78.595
991,133.66,82.425
1698,118.4,94.278
3448,135.31,68.755
4588,128.56,53.55
2494,110.18,53.769
425,125.8,65.732
3655,142.8,63.297
6159,115.51,64.772
990,134.32,61.599
6895,158.12,54.523
906,157.17,61.37
1900,112.98,81.075
4856,134.8,63.036
4613,110.36,50.66
700,113.92,67.907
6924,163.99,48.426
4705,130.08,55.38
7295,134.12,77.964
2009,155.22,65.037
6525,109.96,80.764
5260,132.75,61.696
502,164.7,69.293
1248,133.27,86.909
3675,146.41,50.185
6281,109.89,51.341
3177,149.54,61.47
5536,121.86,52.795
4311,150.51,56.115
5376,148.31,54.896
6504,115.46,85.729
585,129.04,63.895
2355,135.52,60.018
4325,147.72,54.831
6543,154.87,78.022
1408,134.66,60.38
1912,139.0,75.511
900,109.75,70.267
1876,134.0,58.533
1852,137.93,64.207
4768,139.18,61.44
2960,147.8,58.415
715,124.41,64.547
4039,133.01,62.221
3132,109.2,54.661
607,136.16,79.477
4501,146.25,54.007
653,144.24,79.504
910,135.29,63.191
3551,132.82,62.865
7035,134.74,77.711
4012,128.93,55.931
256,159.71,58.92
5348,130.22,51.889
1793,155.64,60.636
184,104.22,89.067
7608,112.0,85.564
1522,135.03,61.762
2747,133.8,66.113
48,167.29,61.507
5922,111.81,57.154
2841,133.5,62.898
5250,115.5,56.552
2205,108.52,62.705
7449,130.81,87.938
4740,134.79,67.353
6666,120.6,73.378
4285,132.93,66.188
601,121.13,69.825
33,135.81,66.206
957,149.62,71.826
5053,109.52,60.617
3106,151.97,54.686
2671,148.09,72.578
2312,133.01,67.888
5327,133.73,62.867
6374,121.95,72.406
6588,134.08,63.93
4140,134.28,56.91
214,162.99,70.22
967,133.65,86.591
2190,134.74,66.674
3829,134.2,65.592
6014,134.31,66.318
5649,133.75,60.164
4442,148.35,59.067
5064,149.58,54.574
6462,162.75,57.851
1306,109.76,71.592
64,125.81,94.277
5093,130.31,58.027
4453,146.16,59.413
5744,110.2,63.583
5650,123.1,48.704
960,119.52,59.358
2452,144.99,64.351
4797,111.86,56.157
2022,108.67,77.715
4975,131.37,58.415
1017,134.22,81.124
1147,134.27,73.301
6341,115.17,61.285
1782,155.44,67.108
5183,122.65,58.985
6740,153.45,69.344
3546,150.64,48.749
5473,148.86,54.027
6122,109.4,57.993
939,135.9,63.345
1993,153.48,65.242
950,162.78,66.434
1997,134.6,67.62
3684,133.69,60.153
2776,108.74,60.509
1754,158.78,61.93
2883,156.74,64.321
1054,154.78,62.535
5576,109.36,63.381
4584,121.86,56.092
131,132.7,74.49
627,134.68,81.78
2762,141.64,61.896
1010,132.81,85.094
3487,133.82,59.184
1238,135.21,65.264
925,134.5,62.29
4013,111.36,59.35
2725,151.81,64.961
5492,117.44,45.13
5593,133.75,67.138
3082,152.11,59.63
699,156.95,74.75
4556,111.74,55.143
7050,135.75,73.144
1217,134.09,77.635
2249,134.3,75.812
5943,134.13,100.06
3107,151.09,55.265
2583,110.71,74.424
765,112.71,108.88
6012,117.67,57.366
612,133.66,82.845
4934,109.74,60.019
4771,134.79,63.957
5644,137.95,62.413
1646,107.6,75.619
1891,157.04,70.086
1869,134.92,66.289
1462,138.25,71.581
4241,144.18,61.518
6073,109.24,64.907
4900,110.93,53.731
1598,110.71,75.064
4814,150.43,59.989
1896,111.64,72.174
4415,144.76,54.287
2501,133.73,66.499
855,134.81,76.819
5998,121.22,56.197
5061,133.74,70.494
1105,134.42,82.814
371,160.91,80.91
1037,134.66,77.129
4822,121.59,54.064
3196,127.01,51.301
2621,133.76,71.876
6488,135.39,72.79
4740,144.92,70.628
327,132.79,61.423
2422,111.48,66.716
2438,133.71,73.432
4941,133.54,59.18
5875,151.75,60.089
6558,133.7,79.983
6525,168.52,60.827
5451,122.37,56.591
1161,116.64,73.62
1390,134.76,61.599
87,133.57,82.062
3486,103.24,65.803
2168,151.03,71.434
5465,135.21,60.395
1351,137.98,75.121
7303,134.26,80.29
1126,133.78,83.252
4770,144.27,53.413
4255,119.81,47.616
4430,134.38,63.38
3686,133.97,55.934
4074,133.76,57.371
3019,108.27,57.205
2608,108.78,68.438
4364,144.92,57.827
4922,111.48,54.91
3773,128.71,48.542
3423,112.47,57.143
1768,158.23,61.888
1925,135.04,62.074
1369,135.08,73.457
653,158.3,63.266
1595,110.69,69.807
2435,133.71,70.916
5064,132.33,57.357
1810,120.53,79.589
5411,147.93,53.949
503,135.39,61.431
6164,109.53,64.628
4986,111.81,56.312
4442,126.93,51.827
2174,103.53,61.59
3930,109.79,50.34
2256,121.48,59.723
6391,122.04,56.472
7001,109.11,90.654
5002,147.78,53.937
4665,134.71,63.076
6924,103.33,77.575
6726,159.47,65.805
2772,130.81,63.719
6389,130.32,53.9
219,162.29,60.753
3638,146.82,46.956
235,160.35,66.484
1279,126.32,72.056
3932,126.96,54.476
6795,135.14,65.933
5733,130.66,56.651
3192,134.47,54.276
1470,133.62,72.648
5712,118.35,48.259
2834,150.92,66.09
1606,150.71,67.347
3379,115.99,59.82
1981,135.28,77.194
1579,138.66,64.349
5719,139.02,67.663
4841,133.54,74.457
6030,155.38,81.492
4833,134.04,69.297
2538,132.73,69.075
323,159.55,60.166
7205,134.06,73.096
3014,122.2,67.009
28,168.31,60.902
7109,165.91,61.855
3440,129.71,50.689
6271,134.61,75.755
2811,148.32,63.108
7188,166.75,63.798
5481,152.14,55.212
112,133.78,65.855
2933,153.46,55.539
2572,140.64,60.119
1731,160.54,75.33
5017,134.21,74.579
549,163.71,77.866
4485,110.96,45.632
3211,115.17,82.672
6075,109.66,62.332
5422,116.03,52.579
5243,134.23,66.751
2504,110.77,66.694
7163,162.93,68.048
1877,134.33,72.262
2529,133.37,72.813
5339,133.8,60.74
2162,134.74,71.269
328,156.79,68.142
3309,127.84,48.041
5682,120.78,47.104
3591,111.51,49.71
3450,109.51,58.963
4092,149.72,53.739
2386,134.57,62.756
437,133.49,79.835
1986,157.44,61.702
4635,146.81,70.226
7464,133.9,77.151
6077,107.47,67.47
5879,133.8,72.63
5320,149.49,55.841
4227,128.76,50.11
2346,133.01,66.111
3967,112.58,39.962
1914,109.17,69.777
6501,131.94,64.237
5414,145.64,56.439
4279,147.96,55.367
2040,132.86,74.419
5196,147.17,52.97
2855,133.77,74.806
2461,135.19,71.469
654,158.94,73.66
4149,134.76,58.176
1203,141.73,77.197
4861,122.18,50.397
598,133.78,81.021
4042,135.39,68.818
3680,148.43,49.303
1361,133.03,88.623
6044,129.77,54.935
5648,133.74,62.886
4424,128.23,49.621
5600,110.07,62.62
4335,134.56,61.439
551,165.56,81.534
2309,160.27,58.732
3587,150.39,46.376
367,159.29,75.066
3105,153.06,55.622
2612,155.79,60.157
7145,172.54,80.54
3729,102.81,71.185
7067,158.76,51.122
7163,131.29,68.611
2115,134.11,61.819
4521,144.66,52.764
5202,111.78,58.42
2037,135.03,70.981
6899,121.92,73.757
1155,131.18,68.555
4539,129.04,52.574
7119,110.78,113.87
1268,168.73,65.641
5063,135.29,66.098
3230,111.13,66.152
7289,133.74,83.379
2163,103.73,90.133
5251,111.62,62.627
1093,134.23,84.311
4954,131.2,58.764
1472,133.23,84.866
7082,143.49,79.494
5246,144.05,54.117
3602,132.79,64.441
394,155.96,75.574
3512,132.81,70.085
2342,133.83,60.659
3024,110.07,57.176
1187,133.69,74.096
278,163.07,59.981
4333,134.75,70.017
7555,133.43,73.572
636,131.34,61.826
2036,135.2,70.015
2522,132.75,71.56
1804,153.04,70.807
6895,109.64,104.81
2542,123.6,70.689
2547,142.0,57.624
2520,136.34,51.826
6567,130.54,61.018
4038,105.15,56.414
5156,146.39,55.784
5288,134.2,61.489
7273,134.87,82.305
4196,137.83,73.125
7097,130.78,65.475
1966,114.78,75.717
6709,133.51,63.777
3262,151.29,50.566
4356,132.98,65.866
5861,134.37,66.947
1290,111.21,89.059
2753,122.24,61.392
181,134.58,79.546
5340,113.28,54.023
6931,133.6,61.783
1277,151.56,81.574
4835,111.54,55.052
3669,133.22,60.806
1608,161.57,68.167
3123,133.73,64.139
3527,147.35,61.967
4593,110.73,48.484
4338,146.06,53.685
626,134.96,67.623
24,166.0,60.255
6483,123.29,62.634
1421,134.55,75.543
6356,151.11,79.465
5380,150.19,56.049
2255,118.44,61.647
4899,111.65,54.41
4349,128.64,50.691
3008,108.26,54.359
835,148.59,70.692
3275,134.27,58.966
2989,127.94,53.875
4452,114.36,62.486
3580,133.76,63.158
2110,152.43,71.966
571,132.78,78.05
6270,133.68,76.057
1566,133.86,60.69
6684,124.33,82.585
1521,132.97,74.907
3102,138.69,58.237
6970,108.81,76.056
171,171.59,63.674
2090,118.05,68.885
3268,152.45,52.815
405,134.73,77.933
1092,159.8,61.832
6194,134.22,65.728
2744,134.82,62.564
2814,108.35,59.126
3834,134.47,64.471
1697,162.46,66.242
2590,139.61,69.801
6792,134.04,64.112
167,134.19,83.13
1550,143.3,63.749
839,133.95,78.235
6124,135.74,64.484
257,161.16,58.7
6687,135.02,88.277
986,131.8,68.713
5270,144.29,55.658
1342,110.53,111.05
6705,132.57,57.389
1948,133.82,80.264
2105,135.3,65.783
2247,136.64,65.379
4233,133.86,65.948
3003,149.41,60.298
5805,147.42,99.053
373,160.4,69.34
3189,109.28,59.638
6692,128.21,57.475
2843,133.84,64.159
5885,111.58,71.149
6167,133.55,61.991
6379,111.57,97.188
391,160.61,66.861
5132,133.77,68.475
3770,127.71,43.548
4101,145.36,56.051
3362,132.77,57.511
1455,110.71,77.761
5040,111.97,48.756
2658,155.66,64.973
1404,109.26,108.49
1486,152.45,72.471
1635,163.09,62.352
3767,133.8,62.942
858,133.43,74.445
7313,166.64,49.785
1802,134.44,63.081
4074,144.13,53.844
4846,111.64,46.996
1746,134.32,59.179
1992,112.84,68.354
2272,134.27,70.174
6040,128.99,58.159
3421,136.41,57.485
2234,133.45,71.351
2164,121.78,65.835
3832,150.62,47.013
6337,105.36,103.32
6466,130.19,53.008
6437,101.78,71.495
1456,138.54,67.668
4047,128.51,51.719
2858,133.6,55.571
6741,128.5,61.105
5453,123.48,55.375
5384,111.84,53.832
1811,133.89,58.127
7038,133.36,76.229
6078,156.81,64.271
1748,154.19,84.046
24,122.33,105.73
7019,130.25,70.826
7266,133.66,77.314
4997,149.86,54.183
3171,126.28,60.692
4072,110.65,45.341
5950,129.33,48.75
3290,150.63,57.206
6852,133.18,67.42
5754,150.76,95.116
4224,134.83,66.76
5030,145.4,56.536
3263,150.24,57.412
2271,134.25,68.442
4920,134.06,62.642
4068,120.02,55.731
784,166.47,63.273
5535,122.72,52.697
2193,134.99,66.525
2101,150.48,71.436
3165,147.76,51.371
444,157.54,62.087
5006,110.76,57.956
1277,133.68,88.022
4847,135.02,67.103
1235,132.72,73.938
997,135.58,60.927
2237,131.89,73.262
448,157.39,75.508
7168,162.65,68.555
2761,153.71,59.903
198,158.78,63.205
4396,113.37,49.534
3464,133.79,60.634
6376,134.16,63.907
6477,134.37,69.817
5745,135.95,64.267
1593,138.3,65.324
1695,133.67,80.743
1003,128.33,74.108
1338,110.15,86.022
1770,154.81,68.698
6292,134.9,68.684
2111,133.69,66.352
4301,144.55,53.213
2116,112.08,69.422
2561,155.08,57.802
5364,104.91,61.443
1022,160.42,69.348
6267,133.71,73.464
158,168.23,66.506
888,158.54,68.437
1917,133.69,74.388
2800,122.44,61.025
2160,159.74,61.332
4824,130.55,63.301
4626,122.52,44.831
304,131.48,58.794
6614,137.0,63.129
1012,127.1,85.726
2693,156.11,60.382
3131,116.91,60.043
712,162.43,65.577
5393,147.3,54.434
3799,109.35,50.807
6254,160.36,50.042
1895,133.74,71.973
3605,153.3,50.09
6983,132.22,73.948
941,130.01,71.582
3195,127.81,51.056
3476,132.97,62.697
3801,132.85,60.139
5724,134.67,64.805
3161,110.75,61.044
3084,111.23,60.82
2574,142.14,58.976
5502,129.99,40.423
867,132.78,81.46
5146,149.4,54.717
1778,139.47,72.211
4196,133.72,53.358
6251,131.73,64.272
2315,124.09,74.73
5082,152.85,58.962
3208,151.44,54.455
5086,133.0,60.264
5232,130.66,53.026
6118,158.39,66.897
2227,135.62,63.883
3278,135.03,59.705
3366,128.47,47.743
5930,103.73,48.592
5391,145.17,55.701
1791,134.73,60.658
3156,134.15,67.638
806,123.5,87.503
908,135.8,87.164
4927,120.9,45.954
596,120.58,113.26
2616,122.74,57.771
6940,162.0,58.732
3317,128.61,48.573
5601,134.73,64.675
7207,109.58,96.56
1103,107.79,92.097
5981,159.33,72.823
4529,146.07,55.239
5916,109.7,78.393
6715,101.48,62.535
2892,138.24,50.997
558,134.98,76.218
819,134.1,77.911
1984,157.96,62.901
4102,109.16,57.381
4069,149.81,55.695
217,139.06,81.817
3111,133.43,61.446
4679,135.13,64.376
7585,109.55,83.013
187,133.72,78.81
5142,148.62,56.83
5091,134.74,67.406
5652,133.75,60.061
1594,132.66,74.708
6532,130.21,57.083
2922,129.65,64.566
3249,150.85,54.418
5780,140.53,96.746
2653,132.76,61.82
3892,133.67,61.932
1285,134.15,58.832
1319,133.97,59.297
4598,133.07,68.622
1360,122.92,113.53
4751,122.06,46.148
6909,130.16,68.848
500,129.36,72.21
4105,107.6,61.813
6718,157.97,54.204
2088,134.48,61.241
2806,109.82,63.494
435,166.83,72.554
240,159.65,64.596
2668,132.77,69.529
6486,154.17,74.004
6298,130.74,58.121
1969,108.67,68.382
3171,127.83,52.046
4636,110.59,57.745
3209,109.26,54.38
1555,134.19,77.308
5823,146.73,64.218
5169,128.57,54.983
1020,162.99,65.562
3913,109.92,56.157
5605,137.8,59.887
3001,146.69,64.283
2770,108.83,56.315
3806,110.7,46.115
6012,143.31,71.628
4390,148.76,52.395
3511,133.62,61.979
1753,157.56,67.012
5332,136.25,65.536
2628,112.73,71.913
1400,163.91,60.38
7110,163.2,49.719
4142,133.44,62.745
5635,108.07,52.401
5220,133.14,52.843
3663,133.79,59.635
4059,128.43,50.686
2436,134.94,71.789
7148,156.59,71.845
6317,112.86,56.801
379,157.66,57.928
781,131.19,81.464
3781,110.95,52.228
5077,139.76,61.28
2798,133.73,65.53
6981,154.85,61.159
945,162.76,59.008
5497,111.8,61.04
1189,134.42,77.913
1926,133.72,77.222
5559,144.77,60.979
5362,149.66,54.989
4167,134.48,58.323
292,134.67,82.019
864,123.77,64.282
5385,133.85,73.394
4826,133.03,61.475
5117,148.91,56.062
4287,129.14,49.412
1159,159.69,67.988
6145,109.34,58.006
3485,133.81,62.933
1676,157.97,63.832
2996,109.62,55.077
6445,101.21,82.89
3798,109.88,52.253
2741,132.74,67.14
3239,109.17,55.336
5019,131.26,53.602
4581,128.85,53.016
4493,128.95,54.151
2107,154.34,66.793
4148,129.19,55.163
2876,140.84,62.477
1440,157.36,79.266
3600,151.1,47.961
2217,135.82,60.78
1860,137.84,66.101
3785,152.44,64.362
2634,124.5,68.62
3854,148.16,46.979
3106,133.82,64.441
4475,110.81,53.212
3510,119.31,53.106
3958,132.81,73.929
1815,129.32,92.533
6111,130.45,56.53
403,134.75,77.711
1735,133.91,85.452
3518,112.77,54.073
1845,122.61,84.073
1914,157.65,64.454
942,162.26,64.071
2127,111.77,76.166
1696,133.96,61.81
4240,111.06,50.775
1302,109.65,115.62
5111,128.61,54.662
671,164.26,68.694
1424,161.69,78.867
1765,133.29,63.412
5239,112.75,56.337
846,130.0,80.551
2549,117.56,66.202
574,133.5,62.679
4795,122.79,54.036
1491,136.48,64.286
293,161.74,61.094
4615,110.36,54.71
1945,159.83,64.382
4625,112.99,55.249
3475,134.24,66.256
1171,133.63,83.337
984,133.16,59.98
3449,148.65,54.915
6403,130.33,51.257
1659,137.98,79.327
2946,153.34,51.525
49,133.68,74.382
6790,123.24,66.792
926,108.04,96.268
6740,123.93,54.084
1236,133.78,70.141
3666,121.06,56.676
1041,134.66,74.315
6076,134.87,64.217
1347,133.55,60.38
1053,154.82,61.615
6083,130.54,56.072
4334,115.69,59.032
2630,108.79,59.213
3028,147.63,54.603
4610,134.23,79.352
1761,134.59,80.28
4939,109.66,49.063
6522,133.18,64.009
6762,135.09,62.011
4779,141.94,59.271
786,133.99,75.402
5491,148.68,54.023
3816,128.18,46.204
6085,150.55,60.794
3377,128.08,45.843
6709,139.64,79.116
28,133.52,82.355
492,165.77,70.515
5653,151.94,71.88
4402,148.96,53.738
2842,109.64,61.116
6406,130.78,50.658
3225,133.86,65.729
3621,133.71,70.929
6059,155.57,72.325
1170,134.46,60.05
1625,135.8,61.598
3044,148.06,58.573
1833,132.65,74.566
1378,129.33,81.284
7114,160.27,70.879
1767,157.76,63.456
1193,109.36,106.34
650,167.39,68.152
703,135.93,60.168
2546,121.37,72.355
1801,133.9,67.231
7016,145.43,66.595
6322,132.18,70.834
5328,108.82,52.941
26,167.79,60.011
3081,134.63,63.349
1795,134.72,64.137
867,130.11,65.767
911,109.32,87.824
3912,133.49,70.139
1294,111.71,87.533
6009,149.88,67.826
4727,143.88,52.547
419,129.68,64.796
4773,138.22,64.664
2916,133.82,62.3
6636,156.99,76.279
1106,154.75,73.622
3778,132.21,62.271
3345,102.68,56.837
5,114.72,82.409
6797,133.31,63.795
4683,147.39,54.987
2528,101.12,60.17
1697,133.39,81.342
5746,120.83,62.972
7359,128.65,68.059
5790,112.38,64.815
3427,110.72,58.464
3258,149.35,51.162
3885,133.78,63.238
7158,164.51,49.69
3173,149.25,60.716
7329,144.26,65.61
6604,124.25,64.344
4527,110.72,55.995
6356,122.62,72.423
993,123.14,77.93
3772,108.97,56.512
1573,134.41,59.579
642,122.0,108.26
2331,111.09,57.992
4859,107.02,52.104
5072,110.01,58.141
4968,133.19,60.533
4755,115.71,46.559
1712,133.76,79.04
2289,104.17,80.924
678,134.18,61.099
6844,123.42,61.167
6545,133.58,66.713
5313,134.52,59.003
4697,123.02,45.623
4812,135.01,70.714
162,162.39,62.916
6687,130.51,53.278
3377,134.64,65.586
3192,133.81,59.427
5498,136.76,66.038
6420,122.79,73.452
6373,122.96,72.558
5659,133.58,58.308
4112,133.83,64.216
67,134.64,74.198
1541,121.6,65.734
71,133.78,68.869
2884,153.47,64.821
7123,126.69,77.612
491,109.14,77.546
1514,155.73,77.008
2516,108.94,100.87
6845,133.71,72.856
1514,133.66,81.573
245,123.11,56.538
3574,133.12,66.347
4530,112.8,50.933
5550,150.54,55.55
4009,146.21,54.263
6419,133.98,69.468
6584,155.21,81.437
1987,157.27,69.251
3189,152.24,57.121
2386,135.54,68.58
6992,162.81,59.215
2707,109.58,70.778
6222,154.98,70.48
5465,110.01,56.421
6595,123.14,64.711
4276,147.92,54.187
7203,157.64,67.482
6412,122.35,74.857
2518,109.19,90.442
2411,134.25,70.05
6794,133.66,84.18
1208,133.53,64.085
436,167.54,74.755
2114,132.96,65.018
6781,108.14,55.466
6976,134.13,74.569
5924,134.29,88.078
3917,110.41,47.065
3639,133.58,63.558
3858,127.2,48.898
1068,162.34,71.241
117,164.73,66.369
6295,153.13,57.13
6836,155.17,75.53
6184,105.47,111.6
6718,134.08,77.403
1373,133.73,81.692
5112,133.61,61.363
6984,132.57,66.694
1892,136.32,71.327
2448,135.05,73.558
813,165.32,60.826
25,166.46,59.778
961,159.89,70.211
5304,134.17,60.736
1590,134.08,62.54
2868,134.67,68.481
1924,161.22,64.487
6517,129.89,58.579
4791,117.81,54.609
7477,134.63,79.416
3341,134.24,61.281
5376,150.21,55.851
6072,157.06,60.647
6430,111.69,74.441
374,160.45,64.699
198,134.12,88.247
5614,148.86,64.75
2579,132.74,69.345
5835,154.78,43.472
2797,151.39,58.484
5701,132.22,63.145
5804,151.27,59.787
6502,161.75,67.067
2171,151.54,63.432
5309,131.43,52.57
1170,113.02,85.195
5183,147.6,55.494
2641,108.17,49.265
3919,130.0,60.455
5548,149.61,57.908
2112,133.52,60.912
4787,133.79,60.063
4145,115.79,49.617
5533,133.65,82.368
4890,109.76,59.328
2099,126.1,70.655
1016,133.78,60.2
3489,128.11,53.145
1711,111.77,102.75
2268,122.73,66.076
4449,146.47,58.806
5410,148.64,54.228
5121,135.5,56.689
7028,133.1,71.715
4808,129.43,64.433
750,129.4,75.114
6228,154.73,57.551
1861,133.45,88.136
5920,135.01,90.971
5608,148.05,56.369
4354,128.19,51.44
1902,135.77,62.606
886,149.46,80.228
6036,134.03,69.964
7263,121.68,90.44
4157,146.75,54.872
5085,148.01,53.616
6024,109.78,63.583
4608,111.76,46.419
6774,114.53,81.132
5360,111.61,53.662
6056,108.67,64.372
2913,127.63,63.032
193,105.49,101.23
1257,133.5,86.46
1712,133.74,75.257
1536,108.21,62.117
2746,109.69,56.892
2044,132.65,74.726
5856,134.47,70.32
3559,132.07,59.935
660,134.34,87.192
2856,153.56,57.629
640,167.76,64.516
525,164.78,67.265
6527,162.55,66.364
5909,115.92,62.592
5591,150.54,54.373
1804,155.76,63.885
1375,109.43,81.315
1822,128.52,80.264
1805,132.98,59.738
1926,165.47,65.014
745,135.0,60.527
172,133.68,80.357
6267,161.36,46.884
4726,130.88,54.803
2514,158.46,61.744
657,134.66,85.183
6518,121.45,64.083
5866,109.04,69.176
6607,155.8,59.395
2983,147.94,59.205
7122,164.12,49.413
3215,153.06,53.532
2715,133.44,70.306
6190,133.56,61.441
1748,110.72,69.268
4291,129.75,49.938
6045,160.24,81.792
822,108.83,108.06
1346,133.65,60.38
399,110.13,63.612
1451,133.52,77.769
6574,158.43,65.371
3261,133.89,79.884
226,133.08,80.614
3604,132.78,65.403
1182,156.47,80.344
943,109.75,90.599
5507,134.32,82.42
4232,134.13,60.245
3231,150.27,54.938
2534,150.75,60.434
6810,117.41,59.236
1732,159.87,63.552
3439,133.67,64.027
380,132.12,64.511
4175,134.65,73.248
5880,110.54,71.517
5163,132.78,67.547
3575,127.51,63.976
27,108.66,105.86
5970,129.96,45.179
5450,122.88,57.788
6662,133.03,69.547
392,133.65,77.785
5909,104.79,91.159
5332,130.38,51.828
1828,124.79,75.995
6564,154.88,75.649
262,159.53,66.472
4141,135.64,61.81
3237,123.03,58.758
2315,132.94,60.771
1472,149.86,85.91
2723,131.88,66.902
5165,109.97,48.317
5973,132.03,64.268
1415,133.73,77.152
2891,109.01,49.645
7174,135.22,75.185
6113,109.25,57.885
7300,117.6,103.03
3964,134.31,62.961
2333,110.54,59.259
4484,109.86,47.011
2952,151.84,58.712
2487,108.77,64.042
7281,113.61,116.46
6627,115.48,70.692
3422,112.75,56.624
6274,150.58,62.275
4732,144.34,59.031
6865,132.02,63.268
1008,137.64,91.283
5971,127.1,46.413
3515,134.43,58.481
1701,158.8,62.688
413,151.14,82.685
4050,147.58,55.724
7117,158.69,76.926
4186,133.84,66.713
1831,132.15,59.053
4271,148.54,56.28
5004,133.66,71.589
2060,130.84,67.739
2888,133.78,64.486
6262,152.83,42.91
5474,148.94,55.148
274,164.27,60.262
6284,134.75,74.662
5615,148.87,54.563
5409,112.77,59.308
1605,150.51,74.958
4639,133.58,59.091
6,110.53,97.125
3725,134.31,60.809
6889,133.42,68.848
768,131.6,77.195
3381,133.62,65.701
3570,151.49,48.395
1841,135.64,61.394
4116,150.91,57.096
6272,132.64,70.024
587,164.23,72.445
1014,133.77,61.246
3584,128.38,68.88
6390,130.13,53.978
206,133.76,78.971
4782,134.62,57.329
5407,133.85,66.599
5420,147.89,55.552
6428,121.01,63.929
1077,131.79,69.4
5891,127.75,49.316
5220,131.97,54.646
5078,139.74,59.439
472,131.07,66.481
7310,166.49,48.858
2438,133.63,76.239
3999,135.1,64.148
5432,147.39,49.171
2336,133.81,67.762
3613,132.87,58.501
5938,133.59,93.431
3906,147.68,48.772
4135,118.65,61.488
1024,134.21,78.601
4187,122.59,67.149
175,167.69,59.758
2747,106.74,56.061
2732,109.74,60.571
4062,143.88,53.051
62,164.28,69.301
6344,123.12,74.449
2402,110.74,71.033
6958,105.05,99.238
5557,133.73,62.772
7206,115.31,95.55
3937,147.49,52.069
1329,109.59,113.29
6619,112.31,81.936
1513,155.58,75.259
6193,101.88,94.128
3090,136.71,69.777
1644,133.11,64.336
1307,133.47,60.308
4064,135.8,66.617
398,155.29,76.633
7038,133.28,77.247
6825,124.45,62.762
2891,130.33,55.178
6396,127.29,63.212
4239,148.0,53.371
2671,109.61,50.876
2214,135.38,61.364
279,134.08,59.977
6924,133.64,68.966
7377,120.71,87.146
6779,133.78,64.788
6637,129.27,51.42
5250,145.9,54.646
884,133.2,83.713
4433,146.55,56.346
4901,122.19,47.896
4107,123.76,55.282
3569,128.29,47.247
2652,133.13,59.865
837,130.75,83.363
3426,139.46,58.211
4696,118.05,47.783
146,176.91,53.308
6572,109.3,61.1
6386,128.76,63.721
7420,162.66,67.552
5607,109.38,55.85
5659,111.2,49.07
3022,133.8,63.107
2755,111.05,61.807
5000,134.26,56.964
2783,102.23,70.208
5570,134.12,59.667
6600,110.41,70.048
4972,111.74,55.851
3847,108.28,43.792
1347,164.51,69.898
3310,133.9,74.187
4419,133.72,71.345
4825,130.1,51.282
2255,132.48,71.976
6643,162.46,62.887
600,135.38,80.359
3058,109.15,54.95
5584,135.15,69.714
4098,147.76,53.062
5347,122.13,51.744
3501,133.41,61.943
467,107.93,72.344
1361,133.04,60.38
2021,132.79,82.573
5391,109.76,67.285
2573,133.41,71.921
6110,102.52,99.658
1335,133.96,61.754
5713,147.64,71.886
1879,134.21,72.388
1904,117.41,65.093
6587,130.18,56.77
2998,136.03,56.344
6205,109.23,69.284
4207,146.75,55.247
2331,114.36,76.056
3262,133.79,64.102
151,133.67,81.863
5549,136.39,59.245
4223,147.73,54.053
4312,142.23,60.96
6963,129.67,74.158
593,135.76,61.667
6866,156.21,49.869
3945,149.23,47.268
3631,151.05,48.171
66,144.48,70.06
4753,111.82,49.565
3019,154.98,58.748
4614,132.71,74.738
5696,119.93,68.925
519,133.67,84.532
1524,133.79,69.752
6226,128.5,63.355
5136,133.53,62.885
2136,133.6,72.313
2863,133.81,70.768
3856,119.08,44.948
301,134.52,57.242
5026,111.54,51.004
6214,130.34,56.802
81,142.24,75.028
1418,152.57,88.959
5447,147.14,55.249
6936,132.34,69.725
4764,131.42,64.562
5855,134.98,73.128
2428,153.94,71.217
5893,151.77,59.313
5942,121.69,60.369
3710,128.7,47.205
798,109.21,104.14
7327,135.12,84.443
3490,133.77,61.941
5377,133.71,64.213
3588,133.79,64.973
1980,110.47,83.275
2985,134.0,61.023
270,161.98,60.454
3311,152.31,51.463
5560,109.8,53.8
4349,149.3,59.052
3046,109.9,66.762
2310,134.9,70.099
7276,133.21,80.517
1738,111.02,92.95
4460,147.09,58.144
3689,133.38,61.606
4111,147.26,55.712
3449,109.85,57.179
2592,110.3,61.434
2363,152.06,61.867
7357,133.11,82.463
6474,131.37,57.487
4663,134.09,62.198
2958,126.25,53.676
5039,133.14,61.638
5476,110.79,58.844
5920,134.14,62.973
4429,147.21,54.41
4601,110.84,46.593
5874,152.02,59.399
2388,135.16,71.279
4346,131.86,59.933
2302,111.73,62.849
5149,109.01,51.653
588,161.84,65.286
1451,111.6,75.538
3277,152.18,51.636
1165,131.49,66.759
5545,119.93,58.41
5800,140.15,66.326
3822,134.01,64.716
4448,133.88,64.105
5236,132.86,61.591
6163,153.58,75.597
5250,111.75,62.539
3846,109.74,54.695
3789,133.79,72.293
5546,111.4,56.463
4625,110.75,52.579
656,135.29,61.079
6535,165.71,65.11
5432,110.76,60.588
285,120.98,58.145
395,155.37,74.769
3531,152.77,47.372
6220,134.67,85.56
3282,109.82,48.975
4393,133.84,71.736
1393,136.8,68.673
7474,110.38,109.23
2231,156.74,68.873
3812,110.58,42.168
4713,119.64,44.759
7407,113.69,105.21
1059,112.09,104.54
702,133.66,84.207
3264,132.79,70.209
5569,134.51,61.224
497,135.99,64.125
303,111.72,108.14
6727,161.51,62.477
5018,134.46,73.682
2555,132.95,66.62
2236,132.73,60.267
3594,110.8,48.422
1119,133.26,83.01
5178,131.28,57.035
6804,133.63,77.343
5412,133.69,58.284
5734,131.79,65.208
1180,155.91,85.006
4720,133.84,65.41
2210,108.93,86.44
6834,121.68,64.254
2092,137.91,59.307
2374,132.55,71.838
4621,111.75,53.711
4031,134.9,58.873
2496,135.1,60.759
751,132.67,83.24
402,133.69,77.981
1134,158.7,77.212
827,133.9,77.006
633,134.3,83.517
3092,112.15,58.819
7186,161.52,48.446
528,163.96,78.256
5958,131.05,50.67
5209,144.5,53.798
7220,166.9,64.09
689,162.75,66.696
3543,127.83,59.835
3234,134.33,65.455
6816,133.61,73.922
5576,134.41,61.652
5852,120.43,57.113
5818,146.74,64.1
2594,121.87,54.914
4942,109.91,48.231
5629,146.96,54.372
4434,114.56,49.625
3952,133.36,63.231
4127,135.19,60.34
745,119.91,78.696
3491,126.29,54.697
2749,109.83,57.517
2381,135.13,63.46
2966,133.79,61.132
6773,150.93,61.401
2383,135.73,61.637
272,120.07,117.73
4088,134.84,65.323
4286,146.37,55.587
2126,127.61,64.495
4004,148.94,53.663
2090,125.63,82.151
509,130.24,69.721
4414,109.47,49.546
1311,134.2,76.863
6341,153.23,81.691
1212,159.99,69.853
6702,158.45,68.452
956,164.35,65.599
4109,133.84,73.11
5087,148.5,52.124
449,131.23,65.761
4606,110.35,46.277
4541,107.93,49.773
1011,132.22,78.576
523,133.39,84.4
3004,152.82,60.586
5462,111.7,65.267
3012,120.9,64.005
4914,123.39,46.649
3305,134.48,64.777
2648,132.17,69.197
1473,133.12,82.466
3881,133.72,62.684
672,165.89,68.507
3099,134.0,71.781
4013,133.55,61.727
6016,135.11,66.637
7032,163.91,68.978
2950,151.63,66.551
5906,109.68,75.115
1716,134.04,73.138
5869,121.31,56.733
1090,109.34,75.142
454,134.32,89.697
1559,158.64,63.315
3345,135.37,61.088
6314,132.65,68.78
6076,130.45,58.723
3214,147.0,59.394
4078,135.06,60.738
6710,142.38,53.964
7375,167.04,47.37
6330,151.17,77.911
2095,132.64,58.451
6631,144.76,65.748
5530,130.89,43.695
4487,133.77,72.802
6450,161.8,65.461
7127,159.86,71.305
4023,153.57,53.706
5066,130.36,55.3
2527,154.45,59.149
3152,106.39,50.109
5555,129.71,57.787
4162,148.37,53.446
4915,140.14,56.499
2172,133.5,74.684
3110,147.8,61.468
2691,132.48,59.597
3393,139.29,52.05
113,160.38,67.769
4019,134.88,66.951
3676,147.76,50.249
2313,132.22,70.055
1444,133.71,72.89
7078,162.96,69.073
6319,131.25,55.845
5845,129.53,47.525
2951,151.6,59.688
5682,144.96,61.734
3028,133.14,60.277
5634,139.19,64.604
4243,133.36,59.896
5967,134.49,63.554
2427,119.49,70.426
3113,149.73,54.809
2812,148.08,64.866
7254,130.67,67.096
3141,109.35,57.79
2528,152.59,59.584
5350,109.8,51.366
6139,117.3,59.771
6200,103.8,111.89
6399,122.87,60.678
2673,154.39,60.39
238,164.83,58.366
1912,142.91,64.372
6066,130.54,57.421
4238,128.89,52.509
5324,133.73,61.942
2195,156.26,64.902
4509,147.96,54.136
1280,124.01,76.299
5773,156.44,50.162
1866,134.93,69.836
5584,149.49,52.694
1033,163.56,63.807
4270,133.97,69.128
3299,110.67,61.218
7571,134.21,72.728
5652,133.21,61.949
7131,110.74,76.568
3266,133.82,68.527
1643,132.93,63.815
5455,134.15,63.361
3523,133.15,64.865
3054,151.75,59.274
816,159.45,69.701
6735,109.58,63.831
416,149.54,81.474
1854,132.76,72.173
2957,140.34,54.959
6949,133.61,58.701
1074,134.66,73.876
5277,148.09,55.829
6731,166.07,65.405
6556,130.22,56.737
1639,121.92,75.751
805,156.42,72.956
6138,134.68,61.762
847,109.6,85.586
4293,146.32,56.593
5161,132.82,65.994
5146,146.13,50.176
5558,134.06,74.876
2931,133.7,74.227
6518,154.26,78.066
1391,137.57,69.755
5420,116.85,46.733
1449,133.94,74.828
1362,132.67,60.38
7248,106.91,86.495
879,122.29,74.814
4667,134.18,64.709
6268,131.11,54.881
2393,141.06,61.039
5007,127.8,50.642
1337,166.45,60.38
1591,136.86,67.355
1829,132.83,59.664
5415,119.75,47.37
4932,123.22,46.517
6913,149.98,55.797
2286,153.57,67.614
5106,110.07,45.577
3074,152.51,53.378
4584,129.08,52.226
2746,134.24,59.391
2690,151.23,57.966
2474,133.94,64.252
6025,133.22,60.868
5449,133.76,69.181
6110,131.62,58.666
2835,133.39,56.095
4018,117.01,62.085
1391,134.64,59.481
4121,109.6,51.898
7367,133.8,80.242
1228,134.12,62.096
2916,133.51,66.293
603,130.58,63.614
6375,129.81,62.457
4670,133.81,60.851
2849,140.48,54.777
5612,133.75,58.497
6579,129.09,72.502
1347,130.8,78.276
1230,129.87,66.265
2836,132.76,61.139
5320,109.56,50.805
1090,136.38,60.497
4201,133.34,57.629
1938,111.67,70.118
7300,131.22,59.538
398,133.15,67.755
4957,108.75,57.205
2005,134.12,87.8
6184,102.82,94.3
959,162.55,56.391
6128,126.63,59.53
4334,129.27,51.323
1295,110.58,93.842
5187,133.81,67.019
4157,146.77,57.547
1727,111.26,69.203
926,108.81,78.452
6640,132.47,62.321
6408,131.43,61.583
5095,140.96,63.836
142,115.31,80.947
4,126.56,66.499
1311,163.37,67.029
6399,122.98,70.719
6167,131.95,63.335
4941,122.64,46.783
1667,111.7,70.673
6890,133.73,74.182
1574,108.34,93.284
6529,109.38,80.445
2908,110.73,56.664
868,134.19,66.187
3191,109.35,62.139
5336,109.74,54.185
18,160.84,67.361
5161,110.03,56.955
5294,147.79,53.678
7393,168.74,67.549
3069,150.58,52.126
2024,136.25,69.583
3150,109.14,54.863
1602,133.68,75.463
4352,109.32,53.308
4598,111.75,52.632
4828,132.72,60.966
6884,132.29,68.728
4788,130.92,60.258
963,110.29,55.449
3234,115.84,60.3
4559,110.3,49.542
2297,133.65,72.292
6082,151.47,77.328
705,123.19,64.52
6817,122.47,59.895
275,133.67,76.808
1475,136.94,64.773
1517,134.92,66.63
877,121.82,75.107
5869,133.02,72.251
2678,109.56,68.61
6960,144.32,80.753
6524,115.84,94.116
7021,123.21,99.386
339,168.6,57.272
4113,149.23,55.013
5399,131.44,58.117
5693,133.94,65.744
7056,132.83,73.202
6986,129.8,65.409
2507,110.75,65.89
1566,132.36,77.672
5219,131.5,54.471
958,132.76,77.411
5212,133.82,60.362
6184,110.28,62.056
2991,127.22,53.641
1818,133.76,70.107
2824,140.2,56.12
2295,132.91,58.727
3879,128.63,45.125
6865,153.64,52.643
1409,136.14,61.693
5524,130.95,40.297
5690,131.19,48.647
6422,130.48,58.236
6034,149.97,66.25
1114,161.85,72.642
5642,150.18,70.612
2786,130.35,60.231
342,158.38,73.313
6888,145.9,66.083
6535,122.27,68.328
1483,138.15,65.106
2595,158.26,61.159
2214,153.72,68.883
5700,156.06,68.258
4621,140.49,67.605
6492,152.1,72.283
3533,133.81,61.242
1881,134.7,59.468
511,133.08,61.934
963,154.34,67.632
4158,129.06,50.987
3525,134.0,63.618
502,129.77,71.207
7169,134.67,73.847
4083,144.12,54.214
1007,132.08,73.424
2485,108.96,62.748
1646,109.15,73.907
7352,133.75,74.01
3238,109.53,57.971
4781,149.22,54.839
7026,127.0,66.59
5373,133.79,65.12
5932,103.79,83.051
406,133.54,70.659
3034,147.54,61.536
6665,123.07,73.678
2262,133.74,66.973
930,134.33,60.777
1477,134.01,60.721
5238,133.61,62.537
6344,134.83,63.096
7009,133.76,71.046
1299,160.11,67.533
1226,133.92,63.204
3753,110.3,46.179
3568,150.73,47.361
2370,154.63,60.44
3934,134.14,58.518
4528,146.33,55.373
4763,130.84,61.79
3079,118.55,54.932
4230,128.21,48.332
2259,159.04,63.738
6429,130.62,53.413
3117,107.64,58.538
927,108.77,79.623
6096,154.68,67.671
602,167.26,70.174
5034,130.72,56.916
297,158.35,63.917
5992,119.84,54.579
5618,118.38,56.571
3091,151.42,62.768
6700,150.58,52.472
1892,156.75,64.812
5177,131.19,56.779
135,119.04,80.448
2956,151.07,54.935
2479,133.33,63.036
4313,133.03,64.727
1597,133.91,64.159
6327,134.07,61.628
6710,133.35,63.723
4855,135.14,63.839
63,113.69,76.802
7230,154.29,77.779
3435,129.09,49.039
1530,134.35,58.413
3438,133.63,64.191
3206,135.09,64.857
4822,111.81,55.531
7622,134.86,75.999
2656,156.39,65.925
6334,112.68,82.346
4191,135.06,65.705
6538,108.93,76.699
4008,145.42,56.137
1389,134.18,63.79
6501,103.37,88.075
5309,133.85,62.338
3295,133.82,61.902
2163,133.69,60.027
6224,130.54,61.124
653,134.45,85.455
4038,146.25,53.827
6140,109.13,62.706
7041,161.74,71.156
7146,134.68,71.49
6152,131.59,57.011
4150,144.48,53.239
5470,133.52,67.771
1379,110.05,78.654
1791,103.54,94.65
3200,110.14,52.368
5155,111.82,53.669
6839,161.28,65.513
7591,162.76,59.809
4545,113.12,52.969
4051,137.66,62.62
3365,128.61,47.223
5311,132.13,51.643
6011,110.34,59.002
4630,133.81,53.373
4891,123.3,62.681
2471,133.48,63.764
3557,121.1,54.032
7086,130.22,61.939
2941,109.73,50.09
980,133.96,78.772
4918,133.76,62.915
5500,124.26,49.46
6532,109.11,85.035
4306,134.38,66.688
2180,109.47,70.255
4919,133.79,63.196
7484,134.04,76.457
5581,114.31,55.134
965,134.35,76.941
7040,158.71,59.777
7283,115.65,97.853
3033,133.27,71.678
2871,133.73,65.421
1345,124.62,77.712
5016,133.94,61.868
27,160.37,84.028
979,133.66,80.75
1404,133.86,61.396
490,133.16,74.792
1747,110.73,70.948
6456,109.72,60.265
7063,164.0,60.911
7160,166.61,48.844
2977,151.79,68.918
3698,130.66,47.977
568,130.01,66.796
693,112.53,89.135
855,126.71,81.68
3995,147.8,54.399
2100,135.74,60.513
6695,133.69,63.209
2793,124.52,63.39
5990,152.69,85.653
1026,163.24,84.317
5980,135.63,67.113
5285,133.96,63.131
2581,132.73,69.688
1367,126.3,77.868
676,133.52,62.697
5176,110.86,48.448
5256,148.05,59.812
3838,133.76,66.661
1978,134.56,66.484
675,132.53,84.81
4554,134.78,57.816
1695,134.7,62.105
6947,135.68,76.734
1154,109.65,101.72
5183,143.07,55.212
2743,133.18,66.936
2640,108.44,49.179
7272,124.49,89.444
3386,110.8,55.18
4715,122.55,46.87
5353,130.56,53.443
169,170.57,75.953
259,158.46,66.588
254,155.7,71.364
109,134.66,69.01
5503,133.76,62.109
2034,133.33,71.595
3852,133.94,68.221
6235,133.72,76.907
1430,111.63,77.287
6650,136.24,66.705
116,133.74,76.234
2132,134.57,68.555
261,134.07,81.52
7105,161.73,49.256
7315,161.32,64.213
2138,134.38,71.6
2504,133.67,65.56
5881,110.58,69.227
3033,153.28,55.993
102,133.96,75.424
2679,115.73,51.264
22,134.11,86.607
974,110.05,76.75
1236,132.71,74.618
1717,133.95,62.782
6431,133.02,64.463
6397,154.17,72.536
54,109.77,93.735
5662,154.55,60.851
5420,132.85,65.03
2157,133.66,67.936
996,112.47,81.368
2538,133.78,73.393
2303,135.1,73.555
5051,134.67,63.165
544,163.02,64.302
2046,108.41,60.409
2250,162.09,62.674
7327,143.86,65.002
326,159.97,65.706
458,145.02,83.74
6768,117.04,64.324
6160,111.01,58.147
3190,133.8,64.244
5814,116.46,66.14
4954,144.29,52.737
26,125.76,83.447
4009,134.02,63.773
6303,112.07,56.181
4358,134.76,61.566
5666,133.73,58.961
341,169.29,56.718
5285,109.15,50.041
6597,132.34,65.549
4955,109.11,57.129
1763,132.52,64.799
3118,147.25,50.25
1284,133.3,76.922
4584,143.14,58.99
3525,151.3,49.11
3488,132.8,69.533
6674,134.63,61.46
189,156.79,65.402
6384,109.92,63.399
1721,133.81,74.71
4139,149.06,57.321
2240,133.58,65.216
1338,167.86,60.38
2766,153.14,57.491
5748,134.22,72.45
946,109.96,79.034
2079,132.68,71.985
1747,134.55,61.313
185,133.77,79.455
441,106.4,80.55
7367,159.51,48.3
79,134.32,77.305
5524,134.73,65.329
4038,132.94,61.278
399,134.7,77.148
2045,133.69,74.559
898,134.21,64.405
2076,132.69,90.277
6621,108.2,55.131
6476,152.41,76.489
7296,132.86,78.132
4393,148.02,54.311
472,132.31,70.831
4527,133.43,59.461
4114,134.32,65.332
1095,109.55,75.122
1708,104.55,114.48
1570,132.94,63.393
4676,133.75,65.435
2767,133.91,63.322
5486,133.68,62.9
1047,161.64,62.992
6149,160.61,65.84
819,133.66,79.694
678,133.2,86.747
6842,134.61,66.707
2367,110.24,61.538
4473,128.12,54.066
4146,146.91,56.014
6782,120.77,67.78
2773,133.82,68.841
6959,109.72,75.364
6129,160.23,66.711
994,133.54,60.715
5985,151.49,64.609
3778,134.42,60.334
426,130.5,66.07
1824,158.55,77.43
6159,110.55,60.634
5738,132.26,47.209
2792,102.45,103.64
2135,133.66,70.867
1136,129.93,66.456
3920,121.57,56.474
2454,134.56,62.245
4974,134.13,63.88
6968,112.59,79.882
3382,141.24,56.79
6423,157.29,76.188
4406,135.88,65.744
432,158.15,64.414
3920,128.16,42.814
5877,151.09,61.589
4679,133.76,64.261
2016,132.5,67.806
1424,109.68,66.618
807,160.23,69.984
2396,109.05,85.047
6971,111.42,87.362
1131,130.93,68.947
226,168.18,57.834
3178,128.8,50.705
4016,111.05,61.4
1137,161.26,70.938
577,133.25,60.266
690,161.62,72.533
2418,130.9,76.134
5033,110.85,51.138
6653,127.2,81.231
3556,152.74,48.585
3418,135.31,57.873
1071,134.81,76.212
2356,114.62,58.389
6021,145.05,75.376
4070,111.81,50.77
4820,111.83,55.151
6819,133.74,64.315
3893,127.91,42.721
6482,130.7,56.567
526,163.03,79.278
5041,129.33,55.206
112,135.04,77.558
6043,150.25,64.633
845,114.75,63.863
486,162.63,67.247
5297,147.96,52.814
4004,133.83,55.183
2712,154.49,58.023
4111,133.85,67.489
7312,166.39,50.256
1481,110.72,77.082
1727,161.47,70.727
4818,125.86,62.112
6544,123.84,66.161
1171,109.07,88.09
6644,110.07,54.976
4264,147.16,54.363
1050,161.26,66.695
4217,147.3,53.74
6223,152.8,94.184
5477,150.9,55.44
773,109.12,69.332
6020,126.27,57.397
822,110.8,69.718
3882,132.81,63.885
742,134.3,60.65
4417,129.58,49.461
2440,134.69,64.674
3930,109.82,51.187
5797,135.64,73.423
5745,110.03,63.173
6465,159.34,60.124
2737,154.47,58.131
1676,129.85,84.121
2298,110.24,60.543
5993,119.34,57.168
5656,133.74,60.417
6287,131.18,55.929
6941,163.38,39.858
6138,156.92,66.067
4387,148.2,51.598
3770,134.06,60.632
2747,135.89,59.981
3918,128.99,42.254
7323,154.53,69.412
5857,107.61,63.237
945,134.73,64.579
6800,122.01,68.334
547,162.82,77.515
4464,135.12,72.338
519,134.71,75.683
7186,132.7,79.048
1554,108.95,62.349
2119,133.44,73.134
6189,100.63,107.48
6906,133.44,68.568
1759,133.35,65.888
6848,131.25,60.996
3029,147.66,60.189
6444,134.72,74.631
1385,131.21,80.158
3226,144.11,57.97
7360,133.62,73.048
42,165.35,63.731
6492,130.46,61.105
4409,133.95,66.322
6263,156.24,61.116
7038,131.71,60.258
3190,148.92,60.371
7182,163.3,49.21
3265,150.65,59.576
7468,133.64,77.14
1765,133.09,77.17
464,115.44,72.425
4713,111.78,56.621
1496,134.52,62.305
7235,160.29,49.63
5750,130.88,46.139
3742,133.22,62.061
998,112.94,86.822
2035,133.1,64.194
6071,129.92,57.503
4377,110.47,52.093
5328,134.31,64.491
4201,144.97,63.118
1341,168.94,60.38
2625,109.22,47.45
1118,163.01,68.705
1269,129.25,70.331
824,110.31,98.397
71,134.55,77.096
7301,131.91,60.666
6589,134.89,64.927
1937,133.49,66.151
6447,152.01,76.513
4526,119.33,45.134
3637,134.6,58.862
3367,133.7,70.51
5757,133.18,57.8
256,160.11,65.506
3998,130.29,50.804
6822,124.45,62.36
2726,109.6,62.896
3566,134.13,60.656
1720,107.42,71.461
814,143.5,81.656
5627,141.26,68.754
7307,128.48,69.277
1520,133.75,68.859
3878,128.11,44.252
6250,152.77,64.125
1075,134.01,81.703
6794,130.4,53.857
5115,103.85,48.855
196,134.05,65.074
3975,133.89,59.389
5195,133.59,65.286
4885,109.72,57.185
4199,144.14,68.603
1372,133.09,79.977
6204,155.64,69.886
1871,111.65,71.225
7476,133.55,79.754
884,116.68,92.529
2,125.88,88.147
2800,128.1,61.447
6742,158.84,63.706
208,164.23,71.883
2813,108.31,59.419
5386,146.26,50.63
2055,110.32,62.373
657,134.92,59.858
3311,146.46,59.119
2732,155.11,59.551
3787,135.34,68.767
5573,130.7,51.029
791,134.46,73.306
797,135.29,61.275
6449,152.6,75.052
6072,126.33,56.762
30,135.72,85.056
3531,133.83,65.322
5498,111.8,61.787
6560,154.63,63.126
4958,149.83,49.1
887,134.44,64.743
2535,152.41,60.081
1326,159.61,71.868
4458,129.23,49.965
2650,118.43,71.577
1103,133.75,67.132
3950,133.78,64.688
1480,110.08,115.12
2584,109.79,63.355
3345,128.26,46.641
585,131.73,84.625
529,167.31,67.591
7271,130.25,68.691
5958,157.21,73.265
1280,134.37,75.342
5534,130.95,39.556
4766,112.13,53.732
6701,150.39,52.793
462,169.68,68.879
3255,109.05,61.575
3699,148.94,49.992
5120,134.77,57.586
3722,111.98,51.57
2567,109.02,56.75
4331,148.11,54.8
6084,133.9,63.722
4413,134.24,52.763
614,133.12,83.143
6759,160.27,65.755
5738,134.58,64.955
718,122.97,67.537
3831,150.45,45.932
6,131.53,83.171
4413,146.59,55.247
2822,141.37,55.238
3364,133.76,66.759
4649,110.77,47.368
6790,133.51,84.64
4863,121.96,41.205
2998,150.11,55.233
3026,145.2,63.635
6665,160.65,68.538
3567,134.03,61.667
4221,129.23,54.49
581,129.89,65.274
3301,125.35,48.511
6812,123.94,58.803
1703,162.08,65.302
6107,162.46,65.41
5949,133.13,64.752
6518,161.2,67.26
1619,122.61,83.314
1362,109.21,107.56
4088,121.32,58.134
1589,133.7,74.872
6030,133.93,62.207
5476,114.78,56.255
6221,151.99,60.941
2751,108.77,60.358
1937,160.17,71.514
2418,110.74,64.094
1684,133.79,71.621
1375,133.91,85.511
6656,155.76,73.44
5255,147.84,58.287
5362,112.53,54.901
7467,134.41,77.138
4963,121.34,51.197
4270,148.92,55.502
5442,134.77,68.447
6792,119.86,56.004
2917,137.55,54.021
29,109.03,98.788
4167,146.83,54.668
6305,157.96,65.632
7487,162.21,65.018
6928,118.86,86.009
6914,132.85,71.259
1065,151.03,71.123
5090,133.46,65.544
4481,129.07,46.493
1073,134.37,75.866
2898,110.33,63.684
6250,128.5,64.345
4745,134.85,55.887
2238,133.89,74.905
6853,110.37,70.983
1755,158.24,58.395
2193,135.26,59.677
4036,128.9,50.876
3736,147.48,55.286
4523,150.25,57.092
356,162.73,68.94
4778,133.09,53.477
1582,107.7,70.001
6698,134.31,64.439
112,118.99,83.232
5591,135.25,60.162
687,128.56,65.854
447,133.68,78.413
1973,132.97,75.064
965,134.53,85.274
3502,146.43,52.782
3771,134.14,66.564
6870,111.32,67.567
7161,133.77,70.103
2093,132.81,62.356
6789,130.46,51.904
6477,152.42,68.06
5907,101.78,93.029
2759,111.08,59.56
1663,133.08,82.259
6950,134.68,60.096
5806,118.85,65.108
4766,147.38,59.712
5706,153.23,58.123
6191,104.47,76.051
7294,133.95,77.249
7090,163.2,71.448
778,121.67,93.352
6561,123.77,65.118
923,133.75,60.439
7291,131.06,67.078
5656,153.14,56.203
4725,132.81,67.276
551,109.69,73.704
3232,149.04,54.88
7298,135.12,82.438
5575,133.78,61.634
2125,133.24,60.594
3164,123.32,57.974
1272,134.13,81.394
5698,121.87,66.21
3597,127.0,50.999
3846,101.81,67.459
2846,147.77,59.479
5704,131.35,49.721
5779,133.76,70.059
419,161.86,61.708
2910,133.85,67.632
5219,149.94,57.899
3019,146.31,59.653
281,159.46,67.443
6765,130.4,54.271
241,134.36,78.369
3353,110.59,54.575
2642,108.37,50.504
6197,155.18,71.728
902,166.96,61.869
4570,149.36,57.92
3504,152.77,46.374
2276,134.41,60.573
2674,133.97,70.39
758,162.25,63.418
1703,133.14,61.1
4473,110.47,52.412
7071,108.41,99.579
6842,158.06,35.661
3551,152.78,49.249
2411,161.24,62.891
6644,133.47,67.416
2508,107.58,52.201
1764,111.67,77.813
3364,133.8,60.133
5696,131.05,46.225
5824,108.6,56.546
6952,159.63,59.053
1119,134.59,74.486
5289,133.46,60.416
3904,129.39,46.887
2232,127.54,74.5
4691,123.55,47.686
7394,170.6,67.191
6084,150.31,61.265
333,172.15,66.02
3499,153.06,56.715
3201,133.2,61.602
5530,134.25,84.27
4474,134.2,70.909
6087,134.32,64.669
3164,132.57,64.169
5680,133.42,67.309
2313,126.92,63.558
1578,134.17,58.589
2844,122.18,51.779
6930,115.28,63.424
2750,110.19,58.192
3536,149.66,55.182
6271,153.68,44.963
5890,152.74,60.45
6777,133.72,75.783
1360,134.27,62.642
4435,134.54,66.278
7338,133.23,75.27
5776,134.0,68.619
2688,153.66,58.018
2852,109.79,62.089
6422,133.46,63.816
1986,135.16,67.5
5279,132.31,54.549
3216,146.6,61.575
2228,135.02,63.223
1237,134.6,62.163
5977,134.58,63.077
3700,133.49,62.055
1661,133.99,63.964
3338,109.66,45.94
4172,114.97,52.399
4747,131.46,66.013
6669,135.05,61.933
7083,116.88,77.02
3860,148.84,47.088
2654,138.15,55.489
1893,112.62,82.026
3564,108.98,65.206
4604,134.91,65.808
881,133.66,78.945
5734,150.52,67.527
833,157.71,76.773
1733,134.03,65.316
4108,127.53,48.606
3271,108.96,57.378
2799,101.72,77.447
3488,133.78,59.99
1687,135.41,81.586
745,165.41,68.054
74,139.67,79.405
1668,109.36,73.99
6934,133.22,79.191
2078,133.37,62.877
5295,129.42,54.607
6242,153.8,58.578
5696,133.84,63.13
3976,134.24,62.745
2378,156.91,63.738
1443,163.23,69.824
2956,141.69,53.885
1928,149.9,65.194
22,129.19,82.624
5834,109.18,64.769
2878,132.78,69.951
1931,114.0,75.182
4877,109.75,54.035
4243,135.34,69.368
521,134.43,75.004
4683,110.22,49.655
4284,128.3,53.754
3403,146.31,49.754
4793,135.61,64.196
3322,132.79,59.067
1333,134.74,76.659
2619,158.69,62.569
1414,109.19,69.686
1217,133.67,86.616
6487,121.43,62.071
5359,128.26,52.14
2271,117.22,65.095
6849,132.85,60.399
1349,138.04,78.217
7292,134.77,82.275
6505,133.76,78.382
3500,128.03,51.528
506,165.75,70.735
6422,134.7,72.126
4745,134.2,66.303
6620,108.74,55.652
3304,129.62,50.496
7316,161.75,63.873
4066,148.57,57.094
7541,112.99,102.46
2652,122.71,63.143
1816,107.26,76.986
667,164.25,74.484
727,162.66,71.524
6843,133.85,64.744
6768,130.46,54.79
3125,151.23,56.215
2353,108.16,65.42
4493,134.33,69.352
5305,146.14,64.461
1346,133.7,83.198
4163,145.78,56.554
1003,162.63,69.35
3098,133.8,70.799
3025,145.57,62.657
123,162.07,82.022
4943,122.53,49.161
5105,109.99,43.242
5466,110.06,58.034
4910,129.13,54.515
6345,147.37,85.673
2799,150.3,59.142
7198,125.74,76.71
2092,132.45,59.713
253,157.38,73.522
6243,111.53,55.755
2738,132.71,66.877
5552,147.82,58.313
1227,134.27,77.565
6041,130.31,56.949
4882,113.11,52.949
3728,108.83,56.774
2565,111.07,91.665
4504,111.19,63.561
6667,114.52,63.861
4422,128.7,52.681
3300,118.21,61.04
1627,137.12,62.585
5009,109.68,53.689
6363,110.69,76.649
2676,134.15,69.076
2100,157.65,46.705
6290,126.93,66.27
230,159.73,73.022
3188,127.7,52.699
6474,161.07,66.903
6351,134.68,74.533
1770,134.45,72.422
2046,110.94,81.692
1818,128.74,82.889
6153,109.67,61.972
5470,133.83,66.813
3788,133.85,65.889
101,110.42,92.398
5965,111.74,59.67
4225,128.77,50.804
7016,135.15,64.892
3836,134.41,69.843
3744,134.45,62.473
7092,130.81,62.352
1817,106.05,73.497
1661,154.29,77.322
4444,120.11,58.012
4187,133.81,65.954
2143,132.66,72.145
6754,132.42,68.569
260,118.86,55.741
5956,135.78,68.567
1225,134.06,78.819
210,133.85,63.531
2523,134.14,69.617
6529,128.94,59.286
6335,128.32,79.491
4823,125.99,66.145
6944,161.5,58.31
3171,148.59,49.993
2504,109.95,61.72
3088,133.62,63.484
4312,135.07,65.603
6134,156.77,67.612
1519,133.38,69.86
5892,151.76,59.577
6657,117.71,66.497
6514,130.48,53.333
5020,111.73,58.716
6985,133.49,70.982
2661,108.46,55.822
4021,153.22,54.163
4690,122.92,47.71
5228,150.05,52.956
1631,133.75,86.712
493,107.17,83.771
4802,122.39,52.609
4534,146.32,56.951
7378,133.22,74.583
6042,130.17,56.633
2811,154.68,58.876
1271,167.34,65.442
2824,133.81,68.6
759,130.62,75.688
2682,134.51,69.508
5701,154.07,68.352
1958,107.61,58.635
4969,145.09,61.443
1725,135.12,62.973
2083,127.36,74.657
5951,134.14,64.133
2068,119.7,87.074
2757,152.71,60.113
4579,134.85,61.473
5754,135.75,58.679
4703,131.8,54.353
920,109.12,86.959
6552,128.03,59.452
5902,133.4,65.951
5724,129.27,49.826
5862,127.41,63.452
3787,109.65,45.464
4769,147.41,57.452
3830,133.84,64.933
553,127.72,77.744
4538,109.51,49.335
2253,135.47,65.022
2707,156.68,65.45
2457,135.02,72.987
6108,101.29,90.031
1702,134.84,61.469
5688,122.1,66.274
3769,133.82,63.979
5719,134.1,63.833
2266,155.69,65.617
5851,130.0,47.18
2943,135.44,54.107
2815,138.84,57.106
974,160.31,72.154
6979,132.78,70.053
305,134.75,83.592
1521,138.62,63.587
7052,156.06,74.766
5885,113.78,62.062
3666,133.1,61.0
2898,140.08,56.078
1773,157.18,63.519
5059,110.4,51.901
332,133.67,74.563
4716,143.54,65.351
2159,104.89,71.795
2264,131.74,68.637
6364,155.42,48.993
5657,144.87,55.207
2190,134.9,57.104
2546,118.18,78.579
5783,134.23,60.143
604,161.11,65.666
2667,133.88,69.518
6824,121.86,63.855
6739,134.37,61.55
383,133.67,79.274
3460,112.4,52.172
7486,163.47,63.409
4476,147.46,55.546
3484,129.01,52.594
5174,112.19,55.573
4241,128.55,54.224
7004,134.67,72.147
224,167.3,56.959
36,134.99,75.942
3187,127.43,53.813
6098,136.62,64.115
6075,129.14,57.99
7240,133.74,79.798
6768,166.03,60.202
5914,107.94,81.645
493,131.32,73.088
2436,130.18,56.384
7392,167.61,70.9
1306,110.31,105.23
4633,146.86,57.121
6627,136.57,63.475
3951,132.04,59.656
2403,162.59,50.604
5337,134.43,60.263
800,130.33,83.345
2595,153.91,64.423
2095,113.95,65.3
800,165.84,72.42
5983,155.32,64.486
743,134.41,58.425
5084,109.99,45.7
4955,135.55,60.149
277,163.13,68.491
6723,157.5,66.195
1193,133.11,78.884
3518,151.72,48.872
3024,154.65,57.686
4567,134.73,59.004
3085,124.84,64.252
4491,147.34,54.643
2423,147.49,70.273
2055,133.23,71.623
619,129.96,64.914
5302,149.71,53.525
1107,109.26,73.366
3725,133.84,57.596
845,129.95,81.642
5950,123.38,55.537
3979,127.14,53.858
5268,131.99,56.341
2301,134.38,59.857
7131,161.86,68.442
6457,163.09,57.432
833,120.2,84.918
573,131.99,81.637
6502,103.02,86.044
2098,134.7,62.459
7583,110.53,90.677
7126,157.75,71.299
6390,117.78,64.698
4541,134.55,60.453
6397,134.15,76.167
2731,115.9,60.092
6239,156.44,58.186
6653,125.29,73.167
6495,134.46,68.726
276,160.44,69.676
6105,109.3,51.862
1457,133.66,76.009
6875,135.32,66.893
6178,130.09,56.222
6571,133.59,64.667
5780,133.52,68.944
6964,128.8,74.91
6621,132.49,62.882
1660,149.75,75.441
3304,133.94,58.158
5972,133.2,64.377
4729,107.4,49.689
739,134.27,78.543
5336,112.24,51.913
4705,108.78,56.77
5424,146.48,72.703
5455,111.77,62.023
6089,154.34,73.743
2704,139.07,67.695
5809,153.59,43.657
6226,154.8,104.12
1391,132.7,77.21
5467,149.51,55.22
3680,133.73,59.523
1189,134.45,63.638
4454,110.8,64.33
1296,129.97,76.447
5612,148.62,53.815
516,119.85,60.019
308,161.8,58.617
5540,134.23,61.626
6737,129.19,49.862
537,129.93,71.409
7039,133.96,77.271
2363,140.13,57.221
5090,131.12,60.81
1417,112.8,105.25
4046,133.78,63.202
6995,112.86,81.173
6986,132.85,69.459
3441,133.64,64.198
1777,154.64,67.873
5450,148.41,56.72
4253,147.86,56.293
4325,133.8,75.107
4903,120.86,46.333
2232,103.6,89.054
302,161.88,66.41
1248,103.18,104.54
352,109.9,54.243
1994,108.36,106.23
2943,137.93,68.721
298,137.7,81.388
3183,134.39,63.484
3401,137.66,59.974
5069,109.9,58.142
5157,133.77,65.157
1688,142.06,74.553
1147,133.71,77.136
6736,134.32,64.717
1947,133.88,79.926
3451,148.86,56.992
236,134.57,62.749
667,133.22,56.794
7050,134.53,76.588
6434,134.97,64.444
1841,112.96,95.789
3159,133.21,64.799
4733,110.21,59.238
2099,135.07,63.513
1819,133.98,68.989
4620,148.62,56.184
6820,134.29,64.257
4717,145.42,68.09
5278,130.0,54.766
1475,144.53,74.508
5701,134.32,65.302
3298,133.1,61.123
3043,122.05,64.528
5181,133.8,65.475
1256,132.99,86.406
1596,110.7,72.098
3372,134.32,62.584
136,135.34,78.965
6210,131.05,61.9
5713,121.53,63.636
1146,134.2,76.546
828,155.06,67.338
2502,133.72,66.412
6285,150.03,82.404
3564,150.43,47.479
5764,135.76,62.118
5633,139.09,63.642
3479,149.44,55.598
3874,103.61,56.164
6445,163.54,57.6
2797,133.71,64.351
5892,127.82,50.116
7069,159.81,77.17
5902,133.08,63.671
6717,134.27,65.941
1788,133.65,75.721
4034,128.17,50.764
6681,112.01,86.286
3030,153.9,53.344
4552,134.75,62.845
681,133.57,87.062
5885,136.13,71.386
3257,150.89,58.859
5918,139.04,100.39
3671,148.72,56.873
3783,133.78,74.145
5885,131.71,49.302
1483,134.23,81.739
4597,110.78,52.384
3616,148.95,50.674
4222,110.59,48.88
5876,134.3,73.584
3579,133.85,62.229
3478,148.98,55.094
575,109.42,71.069
3297,133.89,62.11
3861,133.73,64.832
4092,147.35,54.375
5429,133.07,65.721
2751,133.27,68.568
267,137.76,78.698
3251,145.95,68.05
5852,109.04,67.402
5483,133.78,67.871
1705,133.53,61.099
864,129.59,65.793
4783,131.31,53.81
4767,111.05,44.938
6415,137.4,70.839
6439,128.02,68.992
558,162.34,72.275
2358,106.59,68.78
6019,124.39,58.869
7091,160.89,71.922
3543,104.02,57.087
7034,130.62,62.388
4943,112.59,47.626
1350,164.85,67.37
3093,133.72,66.741
122,155.12,79.495
1918,123.74,67.563
179,165.51,60.615
4380,135.5,68.538
4370,129.37,52.108
7041,158.55,60.252
1599,133.67,76.528
4225,108.02,47.108
6737,121.93,74.996
2388,131.99,65.332
5759,126.61,68.066
6105,159.83,48.421
15,134.47,83.869
5217,133.76,63.661
269,153.74,76.809
5111,111.04,49.614
993,134.17,64.426
3348,134.0,61.526
1419,133.72,77.142
5802,150.71,58.929
4369,149.4,56.614
3598,150.22,47.425
2674,140.96,58.8
1005,134.69,96.605
1194,133.67,95.115
3942,150.86,51.883
1722,115.63,101.51
4503,127.27,45.962
3762,115.04,47.321
1972,132.53,84.191
2998,133.38,60.907
2481,105.01,62.058
1879,137.05,63.858
4615,127.94,52.541
2594,109.73,72.658
3621,128.27,57.508
4930,122.33,59.661
2325,134.53,56.63
3471,110.76,61.341
2699,133.78,66.128
5788,129.44,49.292
3067,107.48,57.265
1046,135.15,60.358
4115,123.17,66.155
1219,135.11,64.212
595,133.67,77.08
2384,108.96,52.788
3346,140.43,60.231
457,107.87,73.305
5005,134.71,59.991
6089,128.91,62.186
4350,110.35,48.753
6500,134.82,66.975
1067,134.3,57.298
6842,128.89,64.397
5372,133.8,65.151
1743,108.2,96.24
5748,120.86,61.898
4201,127.31,48.522
1241,126.59,68.662
6264,159.59,42.395
3590,133.62,62.577
1611,110.78,64.433
1723,164.19,69.439
314,133.55,70.273
5169,134.04,65.769
990,111.73,103.76
6733,109.37,67.411
1266,132.96,59.907
3507,134.5,62.794
3583,133.75,59.256
1958,160.02,72.596
10,133.67,81.995
6377,156.86,72.002
1406,137.8,63.361
6426,111.36,78.192
6247,133.43,62.997
7236,159.18,50.49
2921,110.81,56.575
2160,131.3,67.67
5583,150.77,52.207
3435,133.81,59.404
3900,135.19,65.583
2276,132.7,68.432
1309,134.61,80.497
1658,135.94,81.496
5587,119.78,57.742
1719,134.83,62.95
5817,148.56,45.844
169,176.55,56.124
4377,109.93,48.715
6361,132.67,64.449
106,139.71,79.374
3172,132.96,75.103
2435,130.61,58.506
1582,134.63,60.234
6818,124.86,63.137
1147,110.92,60.309
1709,162.25,64.184
6576,130.19,58.098
7558,133.67,73.767
4616,126.97,50.234
3530,134.81,66.558
5652,147.78,75.688
2488,133.44,69.67
6851,129.33,62.091
6261,134.94,69.215
3760,127.78,46.605
548,134.81,83.799
2115,122.14,61.376
4143,134.76,65.637
286,133.73,83.333
7038,147.76,72.767
1867,139.15,66.056
329,134.96,59.431
2377,156.81,64.038
1000,131.41,76.201
2949,109.25,68.377
4891,110.03,52.985
932,133.85,82.432
1713,110.57,75.064
6378,133.87,80.891
5411,148.83,49.56
7416,134.17,84.46
7178,164.46,66.957
7140,133.77,70.771
1071,134.61,56.662
3731,134.35,59.044
4475,109.68,49.227
2447,134.65,75.571
3548,133.59,65.599
5645,142.62,61.07
6136,128.47,56.773
5832,105.7,61.621
7318,108.49,85.15
4888,108.87,52.846
2826,132.02,57.397
7270,132.93,83.631
1407,114.89,91.735
7082,132.24,61.33
5277,129.32,54.184
3683,145.23,49.316
6850,134.34,68.654
689,162.0,72.569
1042,111.15,96.248
3303,128.09,47.616
3007,132.81,58.447
4,110.09,100.02
6693,122.19,67.842
6933,133.43,62.335
131,134.64,83.672
1692,137.84,71.253
5530,133.78,67.132
891,111.97,94.657
5981,157.27,64.482
5331,130.26,50.347
7323,134.52,73.333
52,134.3,75.718
6901,130.81,68.946
3060,110.47,51.567
777,133.09,77.292
5134,133.79,69.082
1905,111.32,82.983
4521,130.89,51.192
3533,151.08,44.872
7008,133.06,69.252
4348,138.88,69.049
2819,110.48,56.671
6201,130.01,54.062
2789,105.25,72.398
3885,133.79,67.209
6686,122.65,69.007
1988,153.57,67.671
1589,133.63,72.788
4003,111.02,48.883
2637,156.54,66.845
1705,136.37,68.632
7104,161.2,69.571
935,133.68,82.336
6724,121.63,71.193
6632,121.72,77.149
4499,145.24,64.463
2156,139.74,65.278
3922,133.13,62.771
1208,132.8,68.986
1751,134.72,61.183
5197,135.08,66.775
7419,145.78,78.518
2183,152.19,67.616
3847,108.52,51.923
6520,121.56,64.074
1379,133.04,61.533
348,133.95,60.586
1239,134.64,82.884
3887,132.51,48.123
2988,106.92,54.76
1542,135.72,65.108
499,156.45,78.211
3327,134.7,63.02
4686,110.76,51.405
2778,155.71,56.907
489,133.35,73.838
1673,110.93,99.522
6782,128.7,42.618
5770,109.49,65.789
3757,133.9,72.723
6213,154.33,74.521
3523,133.75,60.777
766,109.24,69.46
292,147.98,70.252
6555,114.85,98.246
4467,148.23,56.109
972,109.49,78.847
1081,125.49,94.14
6588,146.27,61.461
7153,157.99,51.275
4997,134.72,68.818
5011,110.76,56.644
4123,133.13,67.588
3785,110.63,48.986
1435,141.31,60.38
6679,149.87,51.018
3235,132.72,66.884
4402,145.06,56.052
1392,159.47,60.38
498,117.66,98.3
4246,133.43,58.488
4605,136.47,64.354
1262,133.85,60.452
6693,130.68,89.038
6527,113.84,65.104
4535,130.14,55.627
2555,133.21,69.168
4480,108.64,49.076
1818,106.41,71.538
499,129.79,71.562
1850,122.37,70.875
3408,142.56,54.775
5779,119.73,63.986
2670,147.38,68.976
1389,134.01,80.104
1476,131.67,79.597
954,128.94,76.408
890,126.54,73.297
6761,120.53,73.367
2096,113.66,64.55
3222,140.76,58.662
4557,127.56,52.186
4239,112.62,48.469
1193,109.53,88.838
738,156.34,69.97
5541,147.95,45.955
105,104.11,111.25
3245,136.91,73.486
5571,111.76,56.893
6005,111.55,60.815
3289,127.07,52.883
3749,132.81,68.6
3996,134.89,56.29
2859,133.84,56.268
1097,159.52,66.025
4227,143.29,63.524
5963,131.24,50.283
3306,110.02,65.113
4400,128.19,51.561
6809,108.7,62.696
1156,161.04,68.579
3384,139.74,55.508
4320,133.47,58.318
6632,155.05,78.677
5834,148.64,46.424
4553,128.98,50.74
2617,108.73,69.273
7073,146.24,83.616
5783,132.69,69.919
3805,118.89,42.959
278,158.9,67.56
5728,131.38,48.363
6787,129.72,59.609
1075,134.03,75.561
1976,133.76,68.186
4924,110.8,55.721
291,163.32,59.001
7183,134.78,77.903
1560,108.34,63.056
4547,147.59,53.363
2487,133.17,60.015
1124,133.67,79.177
3536,133.26,61.134
